case	Chr	Start	End	segMean	bafMean
D1	chr1	61735	62937	-2.21697011007206	NA
D1	chr1	72704	25583341	-0.499744874833159	0.0753745768105061
D1	chr1	25593128	25646744	-2.97661625703731	NA
D1	chr1	25646946	54218080	-0.606359710915074	0.0737953987535758
D1	chr1	54222571	54328487	-0.137784832795482	0.0737953987535758
D1	chr1	54328814	72768498	-0.647113884814009	0.0744271764423947
D1	chr1	72768916	72811904	-2.49942628701571	NA
D1	chr1	72812440	121482979	-0.629346500608915	0.0741455039673928
D1	chr1	144007049	145390170	-0.0197430933241166	0.35686865
D1	chr1	145391761	160834434	0.271672190222439	0.5
D1	chr1	160840298	160942342	0.200232421781296	0.35663573764066703
D1	chr1	160943839	174796405	-0.112456696286617	0.35663573764066703
D1	chr1	174796556	174802040	-0.983740831009129	NA
D1	chr1	174802134	196738981	-0.0818054184994104	0.35663573764066703
D1	chr1	196739972	196801805	-0.594382502742887	NA
D1	chr1	196801850	244304508	-0.117214179980344	0.35663573764066703
D1	chr1	244307139	244313136	-0.630961545274202	0.321866666666667
D1	chr1	244313495	249224388	-0.12190160046935	0.35954850315534
D1	chr2	12784	34691069	0.251346608393882	0.269432133208676
D1	chr2	34699315	34736513	-0.634072970356017	NA
D1	chr2	34737057	52731530	0.262980856922702	0.269432133208676
D1	chr2	52731883	52792124	-0.456470475987574	0.31775
D1	chr2	52792828	59870687	0.283499259501287	0.27454140795756
D1	chr2	59875991	62909488	1.04512439210021	0.168488607594937
D1	chr2	62909887	89149498	0.249668294655788	0.270082910992759
D1	chr2	89149582	89314507	-0.306394389369197	NA
D1	chr2	89319313	96544616	0.199374728822889	0.273359694117647
D1	chr2	96544890	146163737	-0.129265925806382	0.0534755923552557
D1	chr2	146165530	243089456	-0.612343410260325	0.0747739825841904
D1	chr3	60345	33458303	0.539606598494665	0.409994950027739
D1	chr3	33460390	60559252	0.245264670650696	0.5
D1	chr3	60565131	60604489	-0.208283508801205	0.365670376923077
D1	chr3	60605206	187616778	0.24483630934489	0.5
D1	chr3	187617441	197896118	0.543697600264964	0.395747901601831
D1	chr4	12281	191027923	-0.162986385783896	0.358248073838802
D1	chr5	15532	34683137	0.257270747348292	0.5
D1	chr5	34683418	34701189	-0.0836698471710769	0.40352105
D1	chr5	34703363	180790320	0.273510424407745	0.5
D1	chr6	149661	57324832	0.259512419382766	0.5
D1	chr6	57326318	57576504	-0.126056601581906	0.0707164300000001
D1	chr6	57577386	58071377	-0.637976305964302	0.0707164300000001
D1	chr6	58082096	61962715	0.268047714706006	0.40961284
D1	chr6	61963621	103734829	-0.612588798889551	0.0759738375055306
D1	chr6	103737976	103762061	0.100580427378512	NA
D1	chr6	103765470	171051005	-0.624328445205555	0.0756322031031336
D1	chr7	43259	4308694	0.444414919906079	0.5
D1	chr7	4308777	38298322	0.271680693552107	0.5
D1	chr7	38303120	38358227	0.803978997176335	0.5
D1	chr7	38358412	108903815	0.262559747799583	0.5
D1	chr7	108909020	108929233	-0.00449813440075362	0.419133333333333
D1	chr7	108929613	142041192	0.275718735963962	0.5
D1	chr7	142041961	142503362	0.595855896456432	0.5
D1	chr7	142505154	159127004	0.275544155252992	0.5
D1	chr8	31254	146298155	-0.120191141415857	0.349124579800566
D1	chr9	46587	30117407	-0.645648425131647	0.5
D1	chr9	30125948	31970899	0.240437908698776	0.288610822222222
D1	chr9	31971499	133957580	-0.124837425581884	0.347100279957391
D1	chr9	133957759	141091394	0.232691572291718	0.347838895454545
D1	chr10	72759	14777076	0.250715056546182	0.271340135144927
D1	chr10	14777585	14782160	-0.0087920653662064	0.327444444444444
D1	chr10	14784086	67306276	0.232464775219949	0.271705419549044
D1	chr10	67307923	67314446	0.941323039222493	NA
D1	chr10	67322795	135506704	0.261840456444572	0.271369182704171
D1	chr11	198572	38428289	-0.124685584247806	0.347681735465598
D1	chr11	38429425	38443968	0.281070726593163	0.332383333333333
D1	chr11	38444768	81201632	-0.100380491474255	0.348074415987735
D1	chr11	81201837	81215932	-0.439695887905729	0.5
D1	chr11	81216575	132267846	-0.115209807966665	0.348205523168821
D1	chr11	132267922	132282053	-0.48574011024229	0.2369016375
D1	chr11	132282557	134944770	-0.141552755802891	0.342614899713467
D1	chr12	150442	79702935	0.261959047305994	0.5
D1	chr12	79706267	99444432	-0.0961428751402431	0.347378435157274
D1	chr12	99456125	99587543	-0.536546416960485	0.0988590374999999
D1	chr12	99588819	99795648	-0.155113666721498	0.350361566491499
D1	chr12	99795737	99796385	-1.2903468910062	NA
D1	chr12	99796560	133208127	-0.090978707085632	0.350361566491499
D1	chr12	133209593	133236030	-0.463252956825317	0.5
D1	chr12	133236915	133778189	0.0525342218850159	0.365171325
D1	chr13	19026949	21221750	0.248729486892791	0.5
D1	chr13	21225970	24324615	-0.659299883203073	0.0717602810526317
D1	chr13	24324703	26762364	0.2365784466913	0.5
D1	chr13	26763542	28845296	0.809986515344338	0.343705405405405
D1	chr13	28846631	29731295	0.271373482741752	0.5
D1	chr13	29735238	30038791	0.822893085747397	0.34937195
D1	chr13	30039629	31911945	0.270543072384186	0.5
D1	chr13	31921922	32063526	-0.589832580600071	0.3443615
D1	chr13	32070699	33300560	0.26153497098407	0.5
D1	chr13	33305502	39380174	-0.644857166218032	0.0771824610223641
D1	chr13	39389693	43666699	0.274561268405905	0.5
D1	chr13	43670369	54105129	-0.624933412237775	0.0734689386010363
D1	chr13	54108086	55404432	0.286285729550134	0.5
D1	chr13	55406554	60957643	0.593940758763139	0.403037890962099
D1	chr13	60961534	77053395	-0.0753686058041296	0.351546137199434
D1	chr13	77053744	78894471	0.285918341657453	0.279021069491525
D1	chr13	78894584	79313807	1.2280262353795	0.392604347826087
D1	chr13	79314119	80989195	1.54597011318281	0.313988235294118
D1	chr13	80991481	92714711	1.23323684940913	0.378500586666667
D1	chr13	92716393	96624864	0.802760488280731	0.5
D1	chr13	96625870	98148573	0.246442938483088	0.280786685148515
D1	chr13	98148852	101731124	0.802706380042446	0.5
D1	chr13	101732501	102925544	0.25614727761438	0.276072578095238
D1	chr13	102926467	112875315	-0.640469350586508	0.5
D1	chr13	112879100	115108397	0.305004874295852	0.281399102890173
D1	chr14	19002124	22351670	-0.110294164559052	0.340621898269231
D1	chr14	22354103	22975832	0.371647913464704	0.335651044634378
D1	chr14	22977222	105595444	-0.125123953909737	0.350688416226064
D1	chr14	105595818	105654191	0.436955639800226	0.5
D1	chr14	105654606	106044370	0.0884770534716732	0.5
D1	chr14	106054897	106199376	-0.490374536205503	NA
D1	chr14	106218585	106377935	-1.49297434445139	NA
D1	chr14	106401471	106569463	0.294606007575715	NA
D1	chr14	106574118	107285437	0.762015825761413	0.237958823529412
D1	chr15	20016328	20876318	-0.655512574562885	0.5
D1	chr15	20879096	22350997	-0.36050081736001	NA
D1	chr15	22351118	30561567	-0.695488517334883	0.498202759045726
D1	chr15	30562770	30779591	-0.121272096440695	NA
D1	chr15	30779696	102469040	-0.661224636991333	0.5
D1	chr16	60777	3002824	0.206738855297634	0.5
D1	chr16	3003697	80572964	-0.121546586017602	0.348871263519436
D1	chr16	80573024	80581547	0.275943095515593	0.5
D1	chr16	80581580	87998312	-0.0162801579766152	0.349215993135662
D1	chr16	88000704	90287535	0.219862427066089	0.352358038953488
D1	chr17	526	16950136	-0.611714741639524	0.0734211965996909
D1	chr17	16950883	16960911	-0.577626585022637	0.5
D1	chr17	16962994	73646712	0.261075267371456	0.5
D1	chr17	73647366	81049726	0.566655272135612	0.5
D1	chr18	48133	13638407	0.227236215203304	0.5
D1	chr18	13638862	33599492	0.531058211366652	0.401855428127355
D1	chr18	33601626	42152073	0.774671593923193	0.342077895896132
D1	chr18	42152467	47708649	0.533520374866548	0.399582089322917
D1	chr18	47709191	47715319	0.936387512895426	0.5
D1	chr18	47716050	52888444	0.525177750866846	0.399060551120448
D1	chr18	52888825	60782701	0.800554430665198	0.340029026088348
D1	chr18	60783729	78015057	0.54159862761511	0.399725070713023
D1	chr19	90910	6427364	-0.261380203913546	0.0674906902621723
D1	chr19	6427669	20190086	-0.507588722637276	0.0751921008823529
D1	chr19	20190658	45287674	0.274242024770524	0.5
D1	chr19	45287849	59097854	-0.0231652823963256	0.349118053025302
D1	chr20	61305	60419256	0.248516658725317	0.5
D1	chr20	60421169	62956153	0.507491433880573	0.5
D1	chr21	10736871	48096957	-0.110720871084051	0.345935876489533
D1	chr22	16052528	51234455	-0.0241648512070402	0.345974086457874
D1	chrX	168477	27712932	0.253965117027365	0.5
D1	chrX	27713652	27719052	-0.220179252555152	0.5
D1	chrX	27719191	42796103	0.253942553580921	0.5
D1	chrX	42797080	55840794	0.546580243221937	0.396867791911765
D1	chrX	55841511	55852627	1.00347920971508	0.388033333333333
D1	chrX	55855747	155233846	0.566425636827161	0.393373614557338
R1	chr1	61735	25596405	-0.515062971285374	0.0313282458853591
R1	chr1	25600305	25646986	-2.86645457859428	NA
R1	chr1	25661501	72750353	-0.565718769194918	0.0314126815774201
R1	chr1	72756113	72768498	0.405105616242805	NA
R1	chr1	72768916	72794304	-3.01985417634656	NA
R1	chr1	72794462	72809842	-2.25573387376448	NA
R1	chr1	72810938	121482979	-0.591791292508946	0.032270848481721
R1	chr1	144007049	145276470	0.0785812313502682	0.340159533333333
R1	chr1	145280322	145390114	0.601641689076817	0.340159533333333
R1	chr1	145390170	249224388	0.286984680825723	0.5
R1	chr2	12784	34691069	-0.0182053045526937	0.337314879234996
R1	chr2	34699315	34737057	-0.662306880999526	NA
R1	chr2	34737163	59870687	-0.00803828078448596	0.336299795942515
R1	chr2	59875991	62909887	0.748623594641003	0.211853389451477
R1	chr2	62913606	89157612	-0.0130346936390001	0.337905047434138
R1	chr2	89157803	89320921	-0.746983168992608	NA
R1	chr2	89325473	102816695	0.0120560405672901	0.335374201627486
R1	chr2	102817077	102827331	0.460934890878797	0.370416666666667
R1	chr2	102827496	216269774	-0.0234879907349697	0.338854729550376
R1	chr2	216273625	216297231	0.350847078099262	0.3141
R1	chr2	216297875	243089456	0.0106519249268534	0.33746053119266
R1	chr3	60345	58227154	-0.0124452612821123	0.339076083586626
R1	chr3	58227948	58237424	0.604393997764593	0.371083333333333
R1	chr3	58237885	60556368	-0.0422947230258649	0.337346978723404
R1	chr3	60557852	60604489	-0.710526507225156	0.123067428571428
R1	chr3	60605206	65189447	-0.0454745567524464	0.34280339979859
R1	chr3	65189462	65210154	-0.906742303058233	NA
R1	chr3	65210299	162545716	-0.0369594000145068	0.340659888479575
R1	chr3	162546229	162625995	-0.756970105393529	NA
R1	chr3	162626572	197896118	-0.0163056938361276	0.336641766017196
R1	chr4	12281	191027923	-0.0342397580468841	0.340427355740988
R1	chr5	15532	1674892	0.588833435189475	0.5
R1	chr5	1674938	132970852	0.363543368491553	0.5
R1	chr5	132971131	132975944	0.200553136272741	0.370110966666667
R1	chr5	132976382	180790320	0.394802127769572	0.5
R1	chr6	149661	57188202	0.389149448151616	0.452648488769869
R1	chr6	57189484	57324832	0.0835764752617604	0.373045916666667
R1	chr6	57326318	57584169	-0.183115733518627	0.0396256125
R1	chr6	57590446	58071377	-0.663245040949163	0.0396256125
R1	chr6	58082096	61930020	0.310392789414359	0.426660066666667
R1	chr6	61931989	103734829	-0.610210748571239	0.0330756416905739
R1	chr6	103737976	103762061	0.130648741367582	NA
R1	chr6	103765470	137282269	-0.56904961472984406	0.0323973897540753
R1	chr6	137284700	137293331	-0.129729719118467	0.0598166666666666
R1	chr6	137296300	171051005	-0.563920208446152	0.0322431373707533
R1	chr7	43259	2799686	0.588624800818632	0.5
R1	chr7	2800126	38294996	0.392608508467887	0.5
R1	chr7	38297835	38358227	0.945141987456416	0.5
R1	chr7	38358412	108903815	0.373042435449184	0.5
R1	chr7	108909020	108929233	0.145506372098858	0.5
R1	chr7	108929613	142047315	0.376300336934181	0.5
R1	chr7	142047396	142503362	0.764900090373452	0.5
R1	chr7	142505154	159127004	0.389567348760797	0.498492339544513
R1	chr8	31254	37223033	-0.0424899405532792	0.33823993028065
R1	chr8	37223172	37235811	0.362628261799587	0.285616666666667
R1	chr8	37236826	146298155	-0.0115592277928866	0.338172068376888
R1	chr9	46587	30117407	-0.616323123740785	0.5
R1	chr9	30125948	30138273	-0.291071452829715	NA
R1	chr9	30138876	38747064	-0.0150867441805026	0.342695290104948
R1	chr9	38747688	47217176	-0.0817223883270876	0.1884
R1	chr9	65616971	69831983	-0.146819185369383	0.5
R1	chr9	69832711	69977840	-0.020820856430492	NA
R1	chr9	69977957	141091394	-0.577624828218847	0.5
R1	chr10	72759	52880897	-0.0349441224103242	0.340620338097814
R1	chr10	52881023	52892725	-0.466300898241992	0.5
R1	chr10	52895679	77114563	-0.0307101143486385	0.338634498937198
R1	chr10	77117556	77134690	0.450299184380766	0.3248
R1	chr10	77135956	135506704	-0.0150758014692207	0.339137985382183
R1	chr11	198572	3264603	-0.176959149079699	0.5
R1	chr11	3266133	134944770	-0.384507291870842	0.499924447612259
R1	chr12	150442	79702935	0.377714027762087	0.5
R1	chr12	79706267	99444432	-0.0284889349844581	0.340960374344692
R1	chr12	99456125	99587543	-0.557229146411592	0.0752223437499997
R1	chr12	99588819	124607248	0.06172355002382	0.362299977022059
R1	chr12	124608064	124618252	0.527341042875496	0.5
R1	chr12	124619175	133778189	0.10206145700688	0.391416857273559
R1	chr13	19026949	21240531	-0.0297424373108319	0.328656991503268
R1	chr13	21241147	24324703	-0.649709563795903	0.0364723677631579
R1	chr13	24325402	26765096	-0.0266364933949902	0.347303764466292
R1	chr13	26765742	28846631	0.39690146230152	0.5
R1	chr13	28850567	29730589	0.0139763346915157	0.333389606
R1	chr13	29730656	30029818	0.422734457187074	0.5
R1	chr13	30031562	31911945	0.0398316595846589	0.338059202
R1	chr13	31921922	32079232	-0.532337664882772	0.251766694444444
R1	chr13	32079466	33300560	0.00196882825419218	0.342208442777778
R1	chr13	33305502	39379365	-0.604565480671037	0.03343926485623
R1	chr13	39380174	43656473	8.67146112841368e-4	0.340866985645933
R1	chr13	43658145	54105129	-0.567625303586611	0.0291646631476684
R1	chr13	54108086	55401179	-0.0416668562320069	0.35222829
R1	chr13	55404432	60956455	0.326429442797707	0.5
R1	chr13	60957441	77129173	-0.0526420587889927	0.34001880799439
R1	chr13	77133387	78894471	0.384005182762805	0.249386039622641
R1	chr13	78894584	79313807	0.927608514769122	0.5
R1	chr13	79314119	80963330	1.16269781030915	0.5
R1	chr13	80964023	92732541	0.88170232311425	0.5
R1	chr13	92733829	96624864	0.654061796411413	0.402775981265509
R1	chr13	96625870	98148852	0.334799872266715	0.250097824752475
R1	chr13	98155254	101727351	0.697479226459004	0.40014533008596
R1	chr13	101727610	102914336	0.371634169794779	0.271357715238095
R1	chr13	102915035	112880409	-0.606989354442135	0.5
R1	chr13	112880876	115108397	0.0648884763993722	0.349990114825581
R1	chr14	19002124	22359663	-0.00887685432788439	0.337512705938697
R1	chr14	22367550	22738719	0.432451456701421	0.353568181818182
R1	chr14	22742065	22965189	0.754204264301602	0.344012903225806
R1	chr14	22966414	22968996	0.446641820272585	NA
R1	chr14	22969496	57141928	-0.049304944082719	0.343261519388516
R1	chr14	57142883	57170111	0.257580441461074	0.5
R1	chr14	57170474	105660735	-0.0241443204250888	0.342130671255368
R1	chr14	105669360	106044370	0.233726036555013	0.5
R1	chr14	106054897	106199376	-0.342507199357222	NA
R1	chr14	106218585	106377935	-1.81832660608401	NA
R1	chr14	106401471	107285437	-0.0738645006290897	0.5
R1	chr15	20016328	20939515	-0.654009481552142	0.5
R1	chr15	20940026	21302216	-0.241984358562639	NA
R1	chr15	21905757	27754799	-0.673347922423996	0.5
R1	chr15	27756702	27766015	-1.11838692608501	0.5
R1	chr15	27769859	30545030	-0.618659415829255	0.5
R1	chr15	30545493	30764627	-0.0852125704848812	NA
R1	chr15	30775994	102469040	-0.583828081286996	0.5
R1	chr16	60777	35283226	-0.025033614193422	0.332268567260096
R1	chr16	46463782	87333132	-0.394245429151465	0.5
R1	chr16	87333583	90287535	-0.17754113554157	0.5
R1	chr17	526	16960321	-0.569751568356359	0.0318506444015444
R1	chr17	16960911	81049726	0.0050385153557035	0.34080677858338
R1	chr18	48133	60779878	0.354582426487257	0.5
R1	chr18	60781023	77187265	0.644750938727085	0.398773251141271
R1	chr18	77191690	77720079	0.887500864981213	0.379090335714286
R1	chr18	77725625	78015057	0.630931384562509	0.410407897142857
R1	chr19	90910	896244	-0.441368714770755	0.024801192
R1	chr19	896499	1329639	-0.135584509825669	0.0225736842105263
R1	chr19	1334747	13441341	-0.4954955437956	0.0292661365200765
R1	chr19	13443770	13459080	-0.22860656938654	0.06785
R1	chr19	13467441	20189967	-0.520075760381208	0.031496228342246
R1	chr19	20190086	21614655	-0.086086948708651	0.347220737313433
R1	chr19	21615762	45326768	0.389680079606274	0.5
R1	chr19	45327459	59097854	0.00187943708971989	0.338387632378855
R1	chr20	61305	36235094	0.358267944504838	0.5
R1	chr20	36235121	36249635	0.716888142442707	0.5
R1	chr20	36249708	60352121	0.390256890636928	0.5
R1	chr20	60352153	62956153	0.640848553902288	0.481321875
R1	chr21	10736871	48096957	-0.0464864713074601	0.340014989774557
R1	chr22	16052528	51234455	0.0223329103722304	0.339087374724306
R1	chrX	168477	3215652	0.643325535245638	0.5
R1	chrX	3215960	3216723	1.2352923675365	0.5
R1	chrX	3216908	55832869	0.60889492442596	0.5
R1	chrX	55840470	55847737	1.15021743575813	0.373466666666667
R1	chrX	55849670	86686881	0.592308817749651	0.5
R1	chrX	86686922	86689347	0.164974697431243	0.387242857142857
R1	chrX	86689560	90695320	0.555870934124286	0.5
R1	chrX	90696762	90708880	0.230027464200937	0.5
R1	chrX	90709087	145327904	0.59413033919154	0.5
R1	chrX	145328713	145347844	0.89989639150831	0.357989720833333
R1	chrX	145348394	153610907	0.621455702185458	0.49221176316757
R1	chrX	153614001	153624048	-0.11431891017753	NA
R1	chrX	153624197	155233846	0.631280446420483	0.400667232389706
R2	chr1	61735	7100465	-1.12267103244838	0.871185769387755
R2	chr1	7100755	17012422	-0.175894112285818	0.5
R2	chr1	17012456	17276241	0.334765811965812	0.5
R2	chr1	17277940	25600322	-0.195382173015575	0.5
R2	chr1	25601859	25646744	1.14119523809524	NA
R2	chr1	25646946	106001360	-0.169742114902257	0.5
R2	chr1	106001572	106022375	-1.071	NA
R2	chr1	106024055	111376220	-0.11534471682164	0.5
R2	chr1	111377366	111392067	-1.15867317073171	NA
R2	chr1	111393297	121482979	-0.1657285804317	0.5
R2	chr1	144007049	145150924	0.388095067264574	NA
R2	chr1	145151057	145156462	2.34278235294118	NA
R2	chr1	145156736	149291599	0.440145244444444	0.658515986394558
R2	chr1	149306068	149877903	0.09961	NA
R2	chr1	149879545	152555176	0.411439929328622	0.658515986394558
R2	chr1	152555527	152586594	1.20481666666667	NA
R2	chr1	152590494	174796405	0.405108076087672	0.659264113849019
R2	chr1	174796556	174803773	1.38821935483871	NA
R2	chr1	174804979	221966774	0.391412822590699	0.664660082703366
R2	chr1	221967817	222206431	0.780461244019139	0.5
R2	chr1	222212115	223611148	0.374929197994987	0.620946666666667
R2	chr1	223613366	223643922	-0.0781596774193548	0.668007692307692
R2	chr1	223643948	235447355	0.384229477981197	0.657063316582915
R2	chr1	235449050	249224388	-1.06534450203252	0.881104054045801
R2	chr2	12784	2942376	0.361205704534373	0.659945552560647
R2	chr2	2942896	3322198	-0.217224679487179	NA
R2	chr2	3322284	58996121	0.396102625787357	0.658702413414929
R2	chr2	58997712	61325863	1.1578607806691401	0.789867391304348
R2	chr2	61327787	87452754	0.378238776889982	0.664520365443538
R2	chr2	87455717	87488239	-0.761222580645161	NA
R2	chr2	87488538	89126145	0.402280862068966	0.669915023474178
R2	chr2	89126216	89402425	-2.78364335664335	0.670133333333333
R2	chr2	89403431	91685414	0.078160775862069	NA
R2	chr2	91686706	91849290	0.951163636363636	NA
R2	chr2	91858949	149133730	0.390077338174534	0.658794849673203
R2	chr2	149146193	149514546	1.12586568047337	0.7072
R2	chr2	149524121	219833105	0.403743938694488	0.661076320996921
R2	chr2	219835012	220459490	-0.264691719745223	NA
R2	chr2	220462640	240132221	0.400650958208266	0.664402483830825
R2	chr2	240135922	243089456	-1.14165646551724	0.870385573684211
R2	chr3	60345	98916972	-0.155678505123381	0.505808308291009
R2	chr3	98917002	98951834	0.57275	0.5
R2	chr3	98952392	148606725	-0.153388813923927	0.510144856230145
R2	chr3	148606927	148629348	0.356855	0.5
R2	chr3	148630929	148962992	-0.0244123711340206	0.5
R2	chr3	148963395	148968121	-1.45934	NA
R2	chr3	148971080	162506530	-0.143706653947054	0.5
R2	chr3	162508178	162625995	0.719183783783784	0.5
R2	chr3	162626572	180465329	-0.0383802184904297	0.501816738984375
R2	chr3	180466645	185218275	-1.02377958706661	0.864003544516129
R2	chr3	185218591	185848147	0.0200365517241379	0.690341176470588
R2	chr3	185848552	195285898	-0.0199844863420427	0.512738892922674
R2	chr3	195383142	195455508	1.76603	NA
R2	chr3	195455861	195464507	0.718335714285714	0.5
R2	chr3	195464866	197896118	0.0270321548821549	0.5
R2	chr4	12281	10392354	-0.170347581570749	0.524178639455782
R2	chr4	10393154	10400668	1.03942	NA
R2	chr4	10402718	34778860	-0.179866012066722	0.5
R2	chr4	34778962	34819211	-1.31241904761905	NA
R2	chr4	34821340	49205918	-0.135607784893993	0.5
R2	chr4	49206439	49658612	1.07428333333333	0.5
R2	chr4	52685699	56600713	-0.17370548712206	0.5
R2	chr4	56606621	56629129	0.310647368421053	0.597957142857143
R2	chr4	56629407	134621563	-0.142491279082053	0.5
R2	chr4	134622322	135016672	0.416088516746412	0.621252
R2	chr4	135018694	191027923	-0.156779108333333	0.5
R2	chr5	15532	31359459	-0.178106859387131	0.5
R2	chr5	31359601	31361136	0.33444	0.5
R2	chr5	31361236	167543435	-0.148476961857779	0.5
R2	chr5	167543606	167558056	0.163073333333333	0.5
R2	chr5	167558423	168030584	-0.187068660968661	0.607361904761905
R2	chr5	168035896	173328620	1.10697674993816	0.78838203125
R2	chr5	173330487	173677699	0.766962553191489	0.762934615384615
R2	chr5	173677911	180790320	1.09320129268293	0.797731225296443
R2	chr6	149661	29836475	-0.142631915572575	0.919463770053476
R2	chr6	29836577	30043992	0.207627611940298	0.9127875
R2	chr6	30044388	32497206	-0.136905887600357	0.922495098039216
R2	chr6	32501299	32650612	0.742443636363636	0.9054
R2	chr6	32654640	41387096	-0.170759800550206	0.914736841569087
R2	chr6	41388887	75366059	-0.162112155819775	0.537704260330165
R2	chr6	75366301	75433508	0.192578378378378	0.5
R2	chr6	75433572	161137258	-0.144617076431165	0.5
R2	chr6	161137663	170383701	0.79562063263839	0.738189396930281
R2	chr6	170384298	171051005	-0.100224767801858	0.674972802777778
R2	chr7	43259	21292676	0.52752370433305	0.688303269230769
R2	chr7	21293931	30696190	0.572319891164256	0.702214481707317
R2	chr7	30697357	31527374	0.466253201970443	0.70358961038961
R2	chr7	31528385	31549254	0.795147368421053	0.682183333333333
R2	chr7	31549489	133778652	0.528267019639332	0.691809464425867
R2	chr7	133785177	133798558	1.22261714285714	NA
R2	chr7	133798846	142023231	0.526937894930198	0.688775518134715
R2	chr7	142023396	142503362	0.84120866873065	0.681655
R2	chr7	142505154	159127004	0.519238204043253	0.692558867521368
R2	chr8	31254	7255110	0.372565601006923	0.662490800521512
R2	chr8	7267365	8018038	0.188801449275362	NA
R2	chr8	8054344	21381652	0.380456186455282	0.662200415797432
R2	chr8	21382076	21952226	-0.169092857142857	0.663783238194084
R2	chr8	21954684	24972187	0.408303602232369	0.663783238194084
R2	chr8	24974443	24979906	1.56168125	NA
R2	chr8	24979929	43754738	0.381907290958532	0.663783238194084
R2	chr8	43756313	43824048	0.8577125	0.5
R2	chr8	46847534	95707450	-0.155649295870467	0.5
R2	chr8	95707468	95723276	0.457117647058824	0.5
R2	chr8	95726740	121941040	-0.161082306988099	0.5
R2	chr8	121945813	130984875	0.817864227514885	0.73861437934473
R2	chr8	130985314	131595374	0.424275647668394	0.694341666666667
R2	chr8	131601015	131604243	0.677822222222222	NA
R2	chr8	131605276	133217217	0.798718196202532	0.726444886363636
R2	chr8	133218786	146298155	0.371348631602658	0.657273957273652
R2	chr9	46587	69915441	-0.161371834231093	0.5
R2	chr9	69923647	69977522	1.12817692307692	0.5
R2	chr9	69977742	92314302	-0.168772204349505	0.5
R2	chr9	92314365	92324640	0.47616875	0.5
R2	chr9	92324720	111614766	-0.163957745438428	0.5
R2	chr9	111615004	111621439	-0.779266666666667	0.5
R2	chr9	111622064	141091394	-0.167544593617681	0.5
R2	chr10	72759	9022680	-0.150282252949385	0.5
R2	chr10	9022792	9030686	-0.797730769230769	0.5
R2	chr10	9030765	26948697	-0.150652715966135	0.5
R2	chr10	26948937	26978858	0.259329166666667	0.595788888888889
R2	chr10	26981625	67307936	-0.166542768058927	0.50545145631068
R2	chr10	67307951	67314446	0.939073076923077	NA
R2	chr10	67322795	135506704	-0.171292295496422	0.502434259634888
R2	chr11	198572	18949325	-0.176768924889543	0.512413822193381
R2	chr11	18949343	18961708	-0.792485714285714	NA
R2	chr11	18961738	60684302	-0.180804955150749	0.505141128851033
R2	chr11	60690962	60709866	-0.94238	0.6073875
R2	chr11	60710089	134944770	-0.167680717886671	0.501348913843888
R2	chr12	150442	119983825	0.365882437622469	0.658171535429226
R2	chr12	119988887	119990761	-1.94076875	NA
R2	chr12	119994041	133327808	0.370897942984908	0.664367231075697
R2	chr12	133327877	133673603	-0.102034437086093	0.664367231075697
R2	chr12	133682879	133778189	0.456582352941176	0.664367231075697
R2	chr13	19026949	24637579	-0.152983686043397	0.5
R2	chr13	24638197	24678348	0.294344827586207	0.5
R2	chr13	24678531	33702583	-0.119041636337167	0.530776079346558
R2	chr13	33702707	38071135	-0.175249641460235	0.903776778041958
R2	chr13	38072036	38084757	0.70454375	NA
R2	chr13	38088330	39759956	-0.199212108731466	0.937035384615385
R2	chr13	39761169	63629157	-0.167191497759048	0.503209333042636
R2	chr13	63636680	63656575	1.3423	NA
R2	chr13	63656888	84500028	-0.18492013612338	0.512733442088091
R2	chr13	84501374	84505897	-0.796877777777778	0.5
R2	chr13	84505997	115108397	-0.127774397363465	0.500626923076923
R2	chr14	19002124	19422533	0.00417241379310344	NA
R2	chr14	19432799	19469520	1.37106666666667	NA
R2	chr14	19541714	22351670	-0.144408651911469	0.505301973684211
R2	chr14	22354103	23014062	0.427642880258899	0.510096153846154
R2	chr14	23014638	41607113	-0.176676441208838	0.5
R2	chr14	41607529	41657349	1.03420555555556	NA
R2	chr14	41670102	63853252	-0.152401500528355	0.5
R2	chr14	63853850	63867140	0.3288	0.5
R2	chr14	63867308	106078690	-0.179488500311595	0.504044651162791
R2	chr14	106079024	106246799	-1.71121785714286	NA
R2	chr14	106251083	106320386	-3.01509591836735	NA
R2	chr14	106328269	106342317	-0.281433333333333	0.5
R2	chr14	106342792	106526966	-0.952095	NA
R2	chr14	106530364	106569463	0.0639315789473684	NA
R2	chr14	106574118	106715489	-0.912449230769231	NA
R2	chr14	106717356	106727469	-2.3760375	NA
R2	chr14	106728162	106777343	-1.08611111111111	NA
R2	chr14	106783044	106802053	2.0239625	NA
R2	chr14	106815943	106882342	0.0111805555555556	NA
R2	chr14	106889379	106918649	-1.05414489795918	NA
R2	chr14	106922531	107285437	0.0405451327433628	0.5
R2	chr15	20016328	22293227	0.114504938271605	0.5
R2	chr15	22302006	22432999	0.880816	0.5
R2	chr15	22433238	22751256	0.805667105263158	NA
R2	chr15	22751680	41403241	-0.181808857924857	0.5
R2	chr15	41412135	42630764	-1.13223048780488	0.74517215
R2	chr15	42632499	102469040	-0.173588230066023	0.5
R2	chr16	60777	26294587	-0.180191392232569	0.5
R2	chr16	26296253	26326601	0.219079310344828	0.5
R2	chr16	26327144	34459709	-0.16762872611465	0.59765250965251
R2	chr16	34466571	34755566	-0.850316470588235	NA
R2	chr16	34757071	83195951	-0.392243929574827	0.500169594494013
R2	chr16	83196225	83209298	0.942131578947368	NA
R2	chr16	83210956	90287535	-0.367524271664502	0.579222703639515
R2	chr17	526	27508760	-0.195224057626408	0.580407904405874
R2	chr17	27509112	27676054	-0.051327380952381	0.746898607142857
R2	chr17	27680148	81049726	-0.18924219024219	0.921049230943691
R2	chr18	48133	39928605	-0.193329134444399	0.5
R2	chr18	39929493	39937404	-0.639904545454545	0.5
R2	chr18	39937481	61143139	-0.170380905752754	0.5
R2	chr18	61143169	61201482	0.10250701754386	0.59905
R2	chr18	61202255	65255063	-0.198530479573712	0.5
R2	chr18	65255906	65676919	0.432726453488372	0.601307317073171
R2	chr18	65686626	78015057	-0.21088895954391	0.5
R2	chr19	90910	59097854	-0.20489060944437	0.5
R2	chr20	61305	42709034	0.357461726251639	0.6637300546593
R2	chr20	42709331	45153203	-0.19488963963964	0.918007701098901
R2	chr20	45154757	53635143	0.390296965925004	0.664031431921824
R2	chr20	53635488	59596953	-0.182174279877426	0.918634636871508
R2	chr20	59601570	59635608	-0.578571428571429	0.9034
R2	chr20	59635650	59776755	-0.234118064516129	0.901416666666667
R2	chr20	59777873	62956153	0.371186909323116	0.671166447904192
R2	chr21	10736871	14432784	-0.114912056737589	NA
R2	chr21	14436791	14948315	-1.23866826923077	NA
R2	chr21	14951790	48096957	-0.184303740319658	0.506778290993072
R2	chr22	16052528	22386434	-0.164686316776008	0.5
R2	chr22	22386829	23223233	-1.07544884353741	0.700084925
R2	chr22	23251602	25671731	-0.192406049149338	0.5
R2	chr22	25671815	25922342	0.409302739726027	0.617778947368421
R2	chr22	25922347	51234455	-0.200153027859645	0.5
R2	chrX	168477	63916972	0.410457537210107	0.667840177133655
R2	chrX	63917491	97240821	-0.179188035957183	0.512142489360119
R2	chrX	97241983	126592824	0.387242479278401	0.659250174825175
R2	chrX	126593390	155233846	-0.169649437670179	0.5
D2	chr1	61735	25600322	-0.00326049434436529	0.633373765151795
D2	chr1	25601859	25646986	1.2222347826087	NA
D2	chr1	25661501	68847466	-0.073891839028777	0.602907795938587
D2	chr1	68848681	70793335	-0.435882146077547	0.604303693181818
D2	chr1	70796694	70883523	-0.0268710526315789	0.604303693181818
D2	chr1	70885269	72746581	-0.408476033755274	0.604303693181818
D2	chr1	72749848	72811148	0.0361627118644068	NA
D2	chr1	72811904	74520774	-0.546147605363985	0.604303693181818
D2	chr1	74520957	74734143	-0.930190625	NA
D2	chr1	74734370	76112662	-0.377647274881517	0.604303693181818
D2	chr1	76114321	79238740	-0.265933413231064	0.604355729166667
D2	chr1	79239234	81745361	-0.562869245049505	0.5
D2	chr1	81745624	96025546	-0.231208774678784	0.609847127784291
D2	chr1	96029510	107062842	-0.508253443317693	0.577046585365854
D2	chr1	107071209	111370737	-0.117356407563025	0.603631519522614
D2	chr1	111375566	111383972	-1.28231219512195	NA
D2	chr1	111388184	121482979	-0.119031716535433	0.602405894194581
D2	chr1	144007049	152551643	0.197816862474084	0.5
D2	chr1	152552461	152590494	1.0022511627907	NA
D2	chr1	152590565	153215145	0.0154888888888889	0.5
D2	chr1	153217977	158116308	0.265645690628528	0.5
D2	chr1	158118787	159680537	-0.0890639863130881	0.5
D2	chr1	159681131	162962138	0.163925117873982	0.5
D2	chr1	162964142	187845661	0.0489888264922134	0.5
D2	chr1	187846028	192378979	-0.530122320517183	0.587015498154982
D2	chr1	192379022	194055013	-0.121543284727552	0.5
D2	chr1	194062066	196831324	-0.495455463576159	0.5
D2	chr1	196835106	197634060	-0.263843192488263	0.5
D2	chr1	197635119	197734822	-0.587130769230769	0.5
D2	chr1	197734899	199829615	-0.162061890909091	0.5
D2	chr1	199829792	207165377	0.266142130904469	0.5
D2	chr1	207172479	225876063	0.0431898726454662	0.5
D2	chr1	225879995	227181085	0.306299364675985	0.5
D2	chr1	227188298	227542540	-0.232492148760331	0.5
D2	chr1	227543027	231037022	0.225351946940522	0.5
D2	chr1	231037039	238579304	-0.139091855598186	0.559854137522124
D2	chr1	238581919	239776089	-0.773359609120521	0.692712857142857
D2	chr1	239776328	249224388	-0.441833491577335	0.72090671641791
D2	chr2	12784	4172475	0.147508425275827	0.5
D2	chr2	4173038	8107776	-0.0151546837708829	0.5
D2	chr2	8109043	12354664	0.23589089456869	0.5
D2	chr2	12354856	20275393	-0.0044066360387953	0.5
D2	chr2	20275591	20891887	0.283780243902439	0.5
D2	chr2	20892006	23178835	-0.0680507452093684	0.5
D2	chr2	23179531	34272579	0.166469660265879	0.5
D2	chr2	34272597	41238235	-0.0431184910680349	0.5
D2	chr2	41238443	41251278	-1.55888846153846	NA
D2	chr2	41251724	41733397	-0.233105163043478	0.5
D2	chr2	41741816	43653790	0.186710582386364	0.5
D2	chr2	43654159	45099750	-0.0183444557477111	0.5
D2	chr2	45100208	49385499	0.161852131782946	0.5
D2	chr2	49386209	58996121	-0.0899721080446272	0.5
D2	chr2	58997712	61322196	0.599971791692498	0.640178607553957
D2	chr2	61325863	64345560	0.0976295646067416	0.601144663571429
D2	chr2	64349202	75874979	0.203294767899292	0.5
D2	chr2	75875317	84182537	-0.243899577361264	0.5143375
D2	chr2	84182656	89136185	0.159797047817048	0.5
D2	chr2	89143768	89408654	-1.52634307692308	NA
D2	chr2	89417610	91628496	-0.0303504464285714	NA
D2	chr2	91644153	91778641	1.14214583333333	0.5
D2	chr2	91778769	103557981	0.159911482159195	0.5
D2	chr2	103558569	104908721	-0.26924641509434	0.585809230769231
D2	chr2	104914348	107497243	0.171924211099021	0.5
D2	chr2	107498841	108915428	-0.0529566115702479	0.5
D2	chr2	108915608	115509065	0.176364395334561	0.5
D2	chr2	115509413	118163681	-0.227655459057072	0.5
D2	chr2	118165715	123007065	0.205134283862605	0.5
D2	chr2	123007877	127264815	-0.159921313816494	0.5
D2	chr2	127267066	132785639	0.173704135460762	0.5
D2	chr2	132785659	132932112	-0.3185975	0.5
D2	chr2	132932734	137460817	0.130427299900365	0.5
D2	chr2	137462697	154808546	-0.115076180811808	0.5
D2	chr2	154808610	156821347	-0.39976795532646	0.589255102040816
D2	chr2	156822143	184391717	-0.0343546248326445	0.5
D2	chr2	184391990	190170232	-0.364570131861392	0.5
D2	chr2	190170485	193182903	0.00711578947368421	0.5
D2	chr2	193183639	195973549	-0.525373958333333	0.585039378703704
D2	chr2	195974060	201454748	-0.0185464186904396	0.500334800703558
D2	chr2	201455058	205481457	0.130991748003549	0.5
D2	chr2	205481915	215643621	-0.105793673376721	0.537564779874214
D2	chr2	215644335	220840052	0.193017287314562	0.5
D2	chr2	220841109	231248045	0.045641144569716	0.5
D2	chr2	231248261	243089456	0.24841364811539	0.5
D2	chr3	60345	8270304	-0.032788735258235203	0.5
D2	chr3	8272008	15542696	0.242570026626094	0.5
D2	chr3	15542773	36334855	-0.0437568475815524	0.5
D2	chr3	36336383	59969960	0.157713427986155	0.5
D2	chr3	59970086	71385818	0.0406709132026707	0.5
D2	chr3	71386545	73768110	0.194259040178571	0.5
D2	chr3	73769502	76490030	-0.106328425748885	0.5
D2	chr3	76492476	96207077	-0.391103593205575	0.584920125786163
D2	chr3	96212335	102036048	-0.112945437844458	0.5
D2	chr3	102037685	106417151	-0.339646979621543	0.587985551330798
D2	chr3	106418818	118932884	-0.0751584929435484	0.5
D2	chr3	118935999	129673010	0.154867629967017	0.5
D2	chr3	129673392	161709110	-0.0290073345348953	0.5
D2	chr3	161709235	162508268	-0.568150184501845	0.5
D2	chr3	162512657	162613968	0.485516129032258	NA
D2	chr3	162615567	168950859	-0.416880298424979	0.5
D2	chr3	168950999	172676832	0.0247652298850575	0.5
D2	chr3	172677133	176163843	-0.372966300675676	0.593737451737452
D2	chr3	176165747	178914664	0.00658894090111176	0.5
D2	chr3	178917503	178951571	-0.485697701149425	0.5
D2	chr3	178951655	178953753	-0.702270588235294	NA
D2	chr3	178959359	182730041	-0.0333937894226104	0.5
D2	chr3	182730173	188265404	0.181680443003782	0.5
D2	chr3	188265563	193417179	-0.109252364130435	0.5
D2	chr3	193418377	194988873	0.263078741658723	0.5
D2	chr3	194994628	195285898	-0.158275789473684	NA
D2	chr3	195383142	195460696	1.95735641025641	NA
D2	chr3	195462316	197896118	0.215490695725063	0.5
D2	chr4	12281	222068	-0.405145517241379	0.600838323353293
D2	chr4	225449	27254628	-0.128077698158968	0.567406792130026
D2	chr4	27255950	34786500	-0.612968628691983	0.563216399240189
D2	chr4	34786955	34824725	-2.02187894736842	NA
D2	chr4	34829872	35713194	-0.788698941798942	0.6277407239819
D2	chr4	35713292	42934955	-0.157245991388148	0.602614545454546
D2	chr4	42935120	47161009	-0.500975375	0.609492792792793
D2	chr4	47161363	49206439	-0.207741818181818	0.612176351351351
D2	chr4	49216534	49658612	1.21250344827586	0.612176351351351
D2	chr4	52685699	58860067	-0.128421376384634	0.612176351351351
D2	chr4	58865318	71144519	-0.618403227118644	0.618960787992495
D2	chr4	71144898	91116065	-0.234828223415338	0.600088526034483
D2	chr4	91116156	99366093	-0.534772064019954	0.607116237113402
D2	chr4	99366253	115241544	-0.315388661174047	0.604533048780488
D2	chr4	115241715	118726789	-0.681571657509157	0.624573793103448
D2	chr4	118727017	125513672	-0.305230306841046	0.604117288135593
D2	chr4	125513685	128025243	-0.612860462211118	0.632580341880342
D2	chr4	128026773	130799264	-0.274483787289235	0.61386186440678
D2	chr4	130803607	139321668	-0.733267815623088	0.620847965116279
D2	chr4	139321858	150195963	-0.235093326350441	0.602600159489633
D2	chr4	150196361	151866112	-0.454317533936652	0.614101639344262
D2	chr4	151866309	155959437	-0.13269214924213	0.614754761904762
D2	chr4	155960515	159000484	-0.480872349780166	0.601679899497487
D2	chr4	159012982	160891575	-0.217462336448598	0.605239436619718
D2	chr4	160892067	163519992	-0.713548801278636	0.6291336
D2	chr4	163520288	163624093	-0.550159649122807	NA
D2	chr4	163624251	166674512	-0.313312825651303	0.609170212765957
D2	chr4	166674873	168754065	-0.608324957698816	0.621193798449612
D2	chr4	168755431	171629286	-0.280443683651805	0.623901612903226
D2	chr4	171629506	183622774	-0.451338931203931	0.615843108504399
D2	chr4	183622901	191027923	-0.145195731099142	0.524572727272727
D2	chr5	15532	1971652	0.429594906953967	0.5
D2	chr5	1975461	17788483	0.0632468145800317	0.5
D2	chr5	17788618	30785661	-0.43860827746261	0.5
D2	chr5	30792526	83523495	5.39097521640362e-4	0.5
D2	chr5	83523592	85727309	-0.52413184	0.5
D2	chr5	85727667	98421403	-0.136600057454754	0.5
D2	chr5	98421889	106560416	-0.340352584596222	0.58570387409201
D2	chr5	106561327	131302662	-0.0557152459016394	0.505420762711864
D2	chr5	131304245	143160225	0.208302560873216	0.5
D2	chr5	143160328	148532895	-0.00906708160442598	0.5
D2	chr5	148533199	151301096	0.289460240963855	0.5
D2	chr5	151301360	155900401	0.0496939089481946	0.5
D2	chr5	155901875	160505940	0.166173664362036	0.5
D2	chr5	160509695	167024588	-0.201491143998121	0.5
D2	chr5	167031630	180790320	0.234356747932085	0.5
D2	chr6	149661	29837072	-0.136960749282166	0.771320549576271
D2	chr6	29837187	29917146	0.858302	0.7711
D2	chr6	29917703	37680294	0.0750246282527881	0.77416142557652
D2	chr6	37680578	65353333	-0.24629155809975	0.750185244360902
D2	chr6	65354108	67785737	-0.747126012201886	0.744195435684647
D2	chr6	67785931	67788008	-2.73030909090909	NA
D2	chr6	67790448	70067001	-0.701536176066025	0.744195435684647
D2	chr6	70068002	81543158	-0.359012885638298	0.755546124031008
D2	chr6	81543173	82076988	-0.653219553072626	0.718588888888889
D2	chr6	82077086	101687605	-0.350573618885374	0.753576691729323
D2	chr6	101688127	103727472	-0.739631240063593	0.740572566371681
D2	chr6	103728225	103765711	-0.0553413793103448	0.740572566371681
D2	chr6	103765730	104462268	-0.714296875	0.740572566371681
D2	chr6	104467061	161371776	-0.245452101157863	0.75010477025605
D2	chr6	161374894	166569548	0.219180304127444	0.814902052238806
D2	chr6	166570112	170409966	0.42420130988024	0.82054693877551
D2	chr6	170412988	171051005	0.0313531847133758	0.796690909090909
D2	chr7	43259	3235896	0.652462	0.5
D2	chr7	3236076	3960490	0.269935768645358	0.5
D2	chr7	3964250	7129746	0.566988639125152	0.594143065693431
D2	chr7	7130061	8795655	0.276137575351641	0.594994573643411
D2	chr7	8796378	16232148	-0.049107828241123	0.596548368794326
D2	chr7	16236162	50187815	0.29978511557748	0.5
D2	chr7	50193102	51721997	0.448470309810671	0.599211656441718
D2	chr7	51722292	55065906	0.0556559810501382	0.5
D2	chr7	55069216	57476032	0.420759212481426	0.5
D2	chr7	57476046	64721631	0.150427020958084	0.60870701754386
D2	chr7	64725310	78023392	0.429582708622551	0.5
D2	chr7	78023516	89676192	-0.0747254712041884	0.5
D2	chr7	89678692	97599357	0.188870047169811	0.5
D2	chr7	97600114	102481842	0.562476029411765	0.5
D2	chr7	102481891	107928764	0.332381424936387	0.534955
D2	chr7	107929444	126506598	0.033013444716585	0.59966241331484
D2	chr7	126506602	143218968	0.379010740393627	0.5
D2	chr7	143223081	147164623	0.0308822968490879	0.5
D2	chr7	147164660	159127004	0.453269464469619	0.5
D2	chr8	31254	13291944	-0.153178566775244	0.600925291073739
D2	chr8	13294635	17160759	-0.504071618186953	0.60521541218638
D2	chr8	17161374	39174299	-0.150252545134589	0.605316110971463
D2	chr8	39174480	39408362	-0.423200934579439	0.615170392749245
D2	chr8	39408492	49970712	-0.119124708269914	0.615170392749245
D2	chr8	49971763	52254067	-0.483669714285714	0.617166666666667
D2	chr8	52254579	64896653	-0.217709259479377	0.6026279342723
D2	chr8	64897046	65013774	-0.760083582089552	0.636455555555556
D2	chr8	65020528	75910104	-0.239736788799523	0.614365619834711
D2	chr8	75910130	79655373	-0.63345223255814	0.614670666666667
D2	chr8	79658286	82986338	-0.214700298656048	0.613506818181818
D2	chr8	82987241	85792105	-0.650482396541075	0.605683544303797
D2	chr8	85792472	87720419	-0.261879722518677	0.605097368421053
D2	chr8	87721349	90010094	-0.533626750590087	0.609134567901235
D2	chr8	90013078	104480119	-0.192265018842828	0.604045487364621
D2	chr8	104487840	117300171	-0.511812490097703	0.612310544217687
D2	chr8	117301701	121940502	-0.188016192225283	0.5960969348659
D2	chr8	121941040	142017073	0.315150459321922	0.5
D2	chr8	142020098	146298155	0.622729664804469	0.5
D2	chr9	46587	28190190	-0.0615712617686963	0.5
D2	chr9	28191988	31922736	-0.358805595463138	0.586011210762332
D2	chr9	31924600	32502525	-0.0609521929824561	0.5
D2	chr9	32502944	47217176	0.206307189542484	0.5
D2	chr9	65616971	90098794	0.0177409521803244	0.503805767940979
D2	chr9	90099878	102176700	0.179699045754832	0.5
D2	chr9	102177648	115820566	-0.0134848249409914	0.5
D2	chr9	115854351	117405867	0.247535095320624	0.5
D2	chr9	117411420	122658179	0.0372329632985954	0.5
D2	chr9	122659318	141091394	0.293505007544323	0.5
D2	chr10	72759	1648669	0.272131935176358	0.5
D2	chr10	1648979	2939436	-0.0205598173515982	0.5
D2	chr10	2939876	4135655	0.20598606271777	0.5
D2	chr10	4135785	5023461	-0.121726157407407	0.5
D2	chr10	5024394	8691803	0.180419233167082	0.5
D2	chr10	8692533	10540465	-0.20606879334258	0.586695774647887
D2	chr10	10542217	19029359	0.144261510898776	0.5
D2	chr10	19032267	43470993	0.0292375970086073	0.5
D2	chr10	43471575	52595870	0.191209790667248	0.5
D2	chr10	52596140	55030899	-0.108789592760181	0.5
D2	chr10	55043211	59386916	-0.405419252336449	0.5
D2	chr10	59387350	69453914	-0.0735018642379393	0.53036
D2	chr10	69455252	73803035	0.264578745531362	0.5
D2	chr10	73803537	78935171	0.0950898335745297	0.5
D2	chr10	78937948	82672890	0.24977907658483	0.5
D2	chr10	82673699	87749293	-0.0774330626146186	0.5
D2	chr10	87749557	88513897	0.321289837398374	0.5
D2	chr10	88520409	94796068	0.0240282385367076	0.5
D2	chr10	94796835	106927283	0.179057119806374	0.5
D2	chr10	106929126	116873901	0.0402611080022381	0.516239622641509
D2	chr10	116874477	117525197	-0.462466992665037	0.5
D2	chr10	117530328	135506704	0.198137477423239	0.5
D2	chr11	198572	4673647	0.330840677966102	0.5
D2	chr11	4673788	16646251	0.0687583596902603	0.5
D2	chr11	16648222	20153116	0.182543340611354	0.5
D2	chr11	20153360	31809405	-0.180950085241111	0.5
D2	chr11	31809707	36513786	0.162286059629331	0.5
D2	chr11	36514245	36520349	-0.71395	NA
D2	chr11	36522090	43903317	-0.191749718082964	0.52824493021978
D2	chr11	43903600	48162305	0.263025030132583	0.5
D2	chr11	48164847	55363340	-0.0937822404371585	0.5
D2	chr11	55374032	55453576	-1.38945	NA
D2	chr11	55460683	56863180	-0.273898618490967	0.5
D2	chr11	56864489	57836249	0.238286740331492	0.5
D2	chr11	57837956	60199046	0.0222452332657201	0.5
D2	chr11	60209388	76550942	0.28497675556643	0.5
D2	chr11	76551324	110916570	-0.0928796700083541	0.5
D2	chr11	110917166	123744920	0.197670966331439	0.5
D2	chr11	123747350	124470426	-0.136406965174129	0.5
D2	chr11	124471411	128852062	0.172496873190504	0.5
D2	chr11	128853135	128938460	-0.134770588235294	0.5
D2	chr11	128939482	134944770	0.15956304588783	0.5
D2	chr12	150442	16694342	0.306800945730953	0.5
D2	chr12	16695883	24435421	-0.0393286564794603	0.590005853658536
D2	chr12	24436053	33301406	0.206789710274791	0.5
D2	chr12	33301426	33307078	-1.142096	NA
D2	chr12	33307374	42058361	0.0127118417047184	0.5
D2	chr12	42059813	55517376	0.297503910474035	0.5
D2	chr12	55518710	55892143	-0.272952307692308	0.5
D2	chr12	55892277	59520061	0.330163998127341	0.5
D2	chr12	59520309	62231444	-0.185453382533825	0.593975460122699
D2	chr12	62232356	72630544	0.200656184001157	0.5
D2	chr12	72640580	75807423	-0.199323202099738	0.592446212121212
D2	chr12	75807692	77771468	0.188379240898528	0.5
D2	chr12	77771495	92422480	-0.113412391709617	0.53495567651633
D2	chr12	92425227	130900815	0.341741473977555	0.505095145960625
D2	chr12	130901028	133778189	0.503307514088917	0.5
D2	chr13	19026949	33775297	-0.116739508700102	0.513454869454714
D2	chr13	33776019	35495393	-0.220531545236189	0.911877389705882
D2	chr13	35501863	39798190	-0.359787403942533	0.911877389705882
D2	chr13	39798998	48911390	-0.169884987357775	0.61323330449827
D2	chr13	48917439	48943523	-1.06505106382979	NA
D2	chr13	48943722	54130368	-0.16224807436919	0.61323330449827
D2	chr13	54130628	59718034	-0.68803010107391	0.613434841628959
D2	chr13	59718915	61698141	-0.293922473604827	0.609052212389381
D2	chr13	61698439	72538604	-0.741322260427568	0.60698605664488
D2	chr13	72539627	81290377	-0.292926594367109	0.5
D2	chr13	81290907	94785020	-0.663916157308695	0.608881288343558
D2	chr13	94785478	104096583	-0.169844447770129	0.565819921363041
D2	chr13	104096598	106422497	-0.515934969008264	0.621662637362637
D2	chr13	106424492	115108397	-0.122573851875809	0.565876878612717
D2	chr14	19002124	20200409	-0.0585797619047619	NA
D2	chr14	20201117	20426547	-0.722959322033898	0.5
D2	chr14	20426704	22602557	0.0949155172413793	0.5
D2	chr14	22605156	25214495	0.277921573301549	0.5
D2	chr14	25214508	26895666	-0.0710990407673861	0.500716490735542
D2	chr14	26898615	29977464	-0.414853162393162	0.598159230769231
D2	chr14	29977571	40239372	-0.0404862110858011	0.5
D2	chr14	40239830	45035016	-0.438222725758081	0.593045565749236
D2	chr14	45035951	45734497	-0.114176923076923	0.593045565749236
D2	chr14	45736539	49488184	-0.37055017699115	0.593045565749236
D2	chr14	49492043	64849415	0.0371465832437188	0.5
D2	chr14	64849748	66851501	0.166478669910787	0.5
D2	chr14	66855247	67506653	-0.24690401459854	NA
D2	chr14	67508190	79215597	0.184760515410515	0.5
D2	chr14	79215810	89407406	-0.174707520355292	0.5
D2	chr14	89410267	97240711	0.185385014673514	0.5
D2	chr14	97241601	99472312	0.0675136195018548	0.5
D2	chr14	99472805	106054897	0.267223289753725	0.5
D2	chr14	106078690	106314591	-0.925563157894737	NA
D2	chr14	106314734	106342317	-0.0639363636363636	0.5
D2	chr14	106342792	106777343	-0.44571843575419	NA
D2	chr14	106783044	106863526	0.770263888888889	NA
D2	chr14	106864722	106918649	-0.842014035087719	NA
D2	chr14	106922531	107285437	0.231083628318584	0.5
D2	chr15	20016328	22293227	0.0110401234567901	0.608732631578947
D2	chr15	22302006	22582529	0.818486842105263	NA
D2	chr15	22582902	102469040	-0.138937712311678	0.600989051333369
D2	chr16	60777	5729773	0.343386863652545	0.5
D2	chr16	5729870	8316116	0.0879652256834075	0.5
D2	chr16	8319619	34459709	0.221189687036288	0.510095068752964
D2	chr16	34466571	34791791	-0.580918947368421	0.582202702702703
D2	chr16	34794685	35283226	0.0269641025641026	0.582202702702703
D2	chr16	46463782	51466372	0.18551208499336	0.5
D2	chr16	51466547	56292826	0.0628272164948454	0.5
D2	chr16	56293293	59040360	0.260512386156648	0.5
D2	chr16	59040393	64842754	-0.193635597189696	0.5
D2	chr16	64847668	76009431	0.171325034792021	0.5
D2	chr16	76009781	80931194	0.0650380996826582	0.5
D2	chr16	80931210	81971353	0.323329245283019	0.5
D2	chr16	81971403	83195951	0.0959938483547926	0.5
D2	chr16	83196225	83209298	1.36195789473684	NA
D2	chr16	83210956	90287535	0.352173501577287	0.5
D2	chr17	526	10119547	-0.22235177079853	0.5
D2	chr17	10121723	15290429	-0.42877823179792	0.592090396659708
D2	chr17	15291029	27923989	0.00272300111982109	0.614516210818713
D2	chr17	27924179	49508315	0.188617907697462	0.800354807763301
D2	chr17	49508904	53255345	-0.181171904024768	0.804348469387755
D2	chr17	53255472	59665894	0.115632665181886	0.811231456953642
D2	chr17	59666771	59733942	-0.288430769230769	0.811231456953642
D2	chr17	59739005	66821114	0.141073109664497	0.811231456953642
D2	chr17	66824071	70070281	-0.11805313790256	0.795508
D2	chr17	70070791	81049726	0.324108850981654	0.803257487922705
D2	chr18	48133	1655286	0.0473155730533683	0.5
D2	chr18	1658176	1786588	-0.412523333333333	0.5
D2	chr18	1790699	25463154	0.0610127071823205	0.5
D2	chr18	25464017	28603977	-0.394925378590078	0.5
D2	chr18	28604795	42251107	-0.104688916366906	0.5
D2	chr18	42251463	48960835	0.168389944478717	0.5
D2	chr18	48961045	54322419	-0.0561940714908457	0.5
D2	chr18	54323195	54388902	-0.434961764705882	0.5
D2	chr18	54389578	54705832	-0.187506930693069	0.5
D2	chr18	54710454	57687851	0.203792019188836	0.5
D2	chr18	57688169	62486686	-0.0402497526913006	0.5
D2	chr18	62492968	65254808	-0.481192596509783	0.5
D2	chr18	65255063	71369881	-0.257437749196142	0.512892440604752
D2	chr18	71374389	78015057	0.13638027494272	0.5
D2	chr19	90910	19887685	0.31449959779361	0.5
D2	chr19	19887925	28767293	-0.0416661906240298	0.5
D2	chr19	28767353	59097854	0.199611162895165	0.5
D2	chr20	61305	6772263	0.186963877511215	0.5
D2	chr20	6773316	17364204	-0.043557534564889	0.5
D2	chr20	17368163	50487409	0.199367173389524	0.5
D2	chr20	50493070	54646911	0.049934131736527	0.5
D2	chr20	54648186	62956153	0.274620772781672	0.5
D2	chr21	10736871	14436791	-0.0181760563380282	0.587601304347826
D2	chr21	14446712	14951790	-1.23018846153846	NA
D2	chr21	14954193	19535591	-0.151105733944954	0.586350969791078
D2	chr21	19535832	26525222	-0.443104594494048	0.586147276688453
D2	chr21	26525402	32323438	-0.105739061774268	0.5
D2	chr21	32324125	48096957	0.202567888397886	0.5
D2	chr22	16052528	22380743	0.281925188205772	0.5
D2	chr22	22381537	22382124	-0.065625	NA
D2	chr22	22382139	23251602	-0.367337786774629	0.666369238095238
D2	chr22	23255556	25689073	0.280762735257215	0.584553460674157
D2	chr22	25692741	25916386	0.906051245551601	0.633989473684211
D2	chr22	25917730	51234455	0.255797231179807	0.5
D2	chrX	168477	2931264	0.319059417808219	0.657691304347826
D2	chrX	2931948	99178210	-0.0342294590643274	0.66000653942428
D2	chrX	99183944	103253708	0.24773890736342	0.5
D2	chrX	103253759	103305358	1.02890806451613	NA
D2	chrX	103311747	112169715	0.207642601660634	0.5
D2	chrX	112170243	114138144	-0.0372465827338129	0.5
D2	chrX	114138187	120542379	0.239585635504201	0.5
D2	chrX	120542577	121459055	0.0101024208566108	0.5
D2	chrX	121460367	124699213	0.150266929133858	0.5
D2	chrX	124700022	152862638	-0.0217766381432424	0.664714785597481
D2	chrX	152866696	153093785	0.489213684210526	0.667939802631579
D2	chrX	153093846	155233846	0.198829213483146	0.667939802631579
